{
  "createdAt": "2025-10-12T08:16:42.0174872+02:00",
  "sourceRepo": "C:\\Users\\Usuario\\Workspace\\01_Proyectos\\Anclora-RAG-Generic",
  "backupFile": "20251012_081642.zip",
  "includes": [
    "apps",
    "packages",
    "infra",
    "docs",
    "scripts",
    ".vscode",
    "README.md",
    "pyrightconfig.json"
  ],
  "options": {
    "includeModels": false,
    "dumpDocker": true
  },
  "git": {
    "branch": "master",
    "commit": "0106cb9cd13d2bbb0006a43d8516272f3d4052ed"
  }
}
