{
  "createdAt": "2025-10-12T09:26:28.7984109+02:00",
  "sourceRepo": "C:\\Users\\Usuario\\Workspace\\01_Proyectos\\Anclora-RAG-Generic",
  "backupFile": "20251012_092628_manual.zip",
  "includes": [
    "apps",
    "packages",
    "infra",
    "docs",
    "scripts",
    ".vscode",
    "README.md",
    "pyrightconfig.json"
  ],
  "options": {
    "dumpDocker": true,
    "includeModels": false
  },
  "git": {
    "commit": "75d1fc3e9e9e898ba7b98926b6c3c302f3068be2",
    "branch": "master"
  },
  "docker_errors": "docker_errors.log",
  "docker": {
    "ollama": "docker/ollama_data.tar.gz",
    "qdrant": "docker/qdrant_storage.tar.gz",
    "postgres": "docker/postgres.sql",
    "redis": "docker/redis_data.tar.gz"
  }
}
